frame,timestamp,lm_0_x,lm_0_y,lm_1_x,lm_1_y,lm_2_x,lm_2_y,lm_3_x,lm_3_y,lm_4_x,lm_4_y,lm_5_x,lm_5_y,lm_6_x,lm_6_y,lm_7_x,lm_7_y,lm_8_x,lm_8_y,lm_9_x,lm_9_y,lm_10_x,lm_10_y,lm_11_x,lm_11_y,lm_12_x,lm_12_y,lm_13_x,lm_13_y,lm_14_x,lm_14_y,lm_15_x,lm_15_y,lm_16_x,lm_16_y,lm_17_x,lm_17_y,lm_18_x,lm_18_y,lm_19_x,lm_19_y,lm_20_x,lm_20_y,lm_21_x,lm_21_y,lm_22_x,lm_22_y,lm_23_x,lm_23_y,lm_24_x,lm_24_y,lm_25_x,lm_25_y,lm_26_x,lm_26_y,lm_27_x,lm_27_y,lm_28_x,lm_28_y,lm_29_x,lm_29_y,lm_30_x,lm_30_y,lm_31_x,lm_31_y,lm_32_x,lm_32_y,lm_33_x,lm_33_y,lm_34_x,lm_34_y,lm_35_x,lm_35_y,lm_36_x,lm_36_y,lm_37_x,lm_37_y,lm_38_x,lm_38_y,lm_39_x,lm_39_y,lm_40_x,lm_40_y,lm_41_x,lm_41_y,lm_42_x,lm_42_y,lm_43_x,lm_43_y,lm_44_x,lm_44_y,lm_45_x,lm_45_y,lm_46_x,lm_46_y,lm_47_x,lm_47_y,lm_48_x,lm_48_y,lm_49_x,lm_49_y,lm_50_x,lm_50_y,lm_51_x,lm_51_y,lm_52_x,lm_52_y,lm_53_x,lm_53_y,lm_54_x,lm_54_y,lm_55_x,lm_55_y,lm_56_x,lm_56_y,lm_57_x,lm_57_y,lm_58_x,lm_58_y,lm_59_x,lm_59_y,lm_60_x,lm_60_y,lm_61_x,lm_61_y,lm_62_x,lm_62_y,lm_63_x,lm_63_y,lm_64_x,lm_64_y,lm_65_x,lm_65_y,lm_66_x,lm_66_y,lm_67_x,lm_67_y,lm_68_x,lm_68_y,nose_tip_mean,nose_tip_std,left_eye_mean,left_eye_std,right_eye_mean,right_eye_std,forehead_mean,forehead_std
1,2026-02-11T16:28:31.118094,259,143,257,169,257,184,264,217,270,231,277,242,294,261,312,272,324,274,336,274,354,264,371,249,378,239,385,226,396,195,398,181,402,154,273,147,279,143,290,142,303,145,319,149,352,151,368,149,381,148,389,151,393,155,334,168,333,177,333,186,332,193,332,201,331,210,330,216,330,219,330,220,330,220,286,165,293,162,304,163,315,171,306,172,294,171,350,174,362,167,372,168,378,172,370,177,358,177,304,235,314,231,321,231,329,233,336,232,342,233,351,238,340,244,334,246,327,247,320,245,314,243,306,235,317,236,328,238,338,238,349,238,333,238,328,238,322,237,74.55,18.36,45.95,8.52,42.55,6.95,60.77,13.51
2,2026-02-11T16:28:31.158955,258,143,256,170,256,185,263,217,269,232,277,243,293,261,311,273,324,275,336,274,353,265,370,250,377,240,384,226,395,196,397,181,401,154,271,148,278,144,288,142,302,145,318,149,351,152,367,149,380,148,388,151,392,156,333,168,332,178,332,186,331,193,330,201,330,210,329,216,329,219,329,220,329,220,285,166,292,163,303,164,314,171,304,172,293,172,349,174,360,168,371,169,377,173,369,178,357,177,303,235,314,232,321,232,328,233,335,232,341,234,350,238,339,245,333,246,326,247,320,246,313,243,305,235,316,237,327,239,338,238,348,238,333,239,327,239,321,238,76.4,17.86,46.52,8.88,42.88,7.08,61.63,14.24
3,2026-02-11T16:28:31.176601,257,144,255,170,256,185,263,218,269,232,276,243,293,261,311,273,324,275,336,274,353,265,370,250,377,240,384,226,394,195,397,181,400,154,270,148,277,144,287,142,301,145,317,149,350,151,366,149,379,148,387,151,391,156,332,168,332,178,331,186,330,193,330,201,329,210,329,216,329,219,328,219,328,220,284,166,291,164,302,164,313,171,304,172,292,172,348,174,360,168,370,169,376,173,368,178,357,177,303,235,314,232,321,232,328,233,335,232,341,234,350,238,339,245,333,246,326,247,319,246,313,243,305,235,316,237,327,239,338,238,348,238,332,239,327,239,321,238,74.09,17.66,46.51,8.63,42.67,7.04,61.56,14.31
4,2026-02-11T16:28:31.222829,256,144,254,171,255,186,262,218,268,232,275,244,292,262,310,273,322,275,334,274,352,265,369,250,376,240,383,226,393,196,396,181,399,154,270,148,276,144,286,143,300,145,316,149,349,151,365,149,378,148,386,151,390,156,331,168,331,177,330,186,330,193,329,201,329,210,328,216,328,219,327,219,327,220,283,166,290,164,301,164,312,171,302,172,291,172,347,174,359,168,369,169,376,173,367,178,356,177,302,235,312,232,319,232,327,233,334,233,339,234,348,238,338,245,332,246,325,247,318,246,312,243,304,236,315,237,326,239,336,239,346,238,331,239,326,239,320,238,72.5,17.35,46.48,8.78,42.4,7.02,60.05,13.23
5,2026-02-11T16:28:31.241176,255,144,253,171,254,186,261,218,268,232,275,244,291,262,309,273,322,275,334,274,352,265,368,250,375,240,383,227,393,196,395,181,398,154,269,148,275,144,285,143,299,145,315,149,348,151,364,149,376,148,385,150,389,155,330,168,330,177,329,186,329,193,328,201,328,210,327,216,327,218,327,219,326,220,282,166,289,164,300,164,311,171,301,172,290,172,347,174,358,168,368,169,375,173,366,177,355,177,300,235,311,232,318,232,326,234,333,233,339,234,348,238,337,245,331,247,324,247,317,246,311,243,302,236,314,237,325,239,336,239,346,238,330,239,325,239,319,238,74.36,17.42,46.9,8.67,42.64,7.11,61.06,13.11
6,2026-02-11T16:28:31.282273,254,146,252,173,254,188,261,220,268,234,275,245,291,262,309,273,321,275,333,274,351,266,367,251,374,241,381,228,392,198,394,184,398,156,267,149,274,145,284,143,298,145,314,149,347,151,363,149,375,148,384,151,388,156,329,168,329,177,328,186,328,193,327,201,327,210,326,216,326,218,326,219,325,220,281,167,288,164,299,164,310,171,300,173,289,172,345,174,357,168,368,169,374,173,365,178,354,177,300,236,311,233,318,232,325,234,332,233,338,234,347,239,336,245,330,247,323,247,317,246,310,243,302,236,313,237,324,239,335,239,345,239,330,239,324,239,318,238,72.46,17.2,46.82,8.86,42.3,7.01,61.42,13.85
7,2026-02-11T16:28:31.311720,254,146,253,173,254,188,261,220,267,234,274,245,290,262,308,273,320,275,332,274,349,266,366,251,374,242,381,229,391,198,394,184,397,157,267,149,274,145,284,143,297,145,313,149,346,152,362,149,375,148,384,151,388,156,328,169,328,178,327,186,326,193,326,201,325,210,325,216,325,219,324,220,324,220,281,167,288,164,299,165,310,172,300,173,289,173,344,175,356,169,367,170,373,174,364,178,353,177,298,236,309,233,316,232,324,234,331,233,337,235,347,239,336,245,329,247,322,247,315,246,309,243,300,236,312,237,323,239,334,239,345,239,329,239,323,239,317,238,78.02,18.02,46.6,8.96,42.7,6.96,61.36,13.32
8,2026-02-11T16:28:31.342340,254,147,252,174,253,189,261,220,267,234,274,245,290,262,308,273,320,275,332,274,349,266,366,251,373,242,380,229,391,199,393,185,397,157,267,149,273,145,283,143,297,146,313,149,346,152,362,150,374,149,383,151,388,157,328,169,327,178,327,186,326,193,326,201,325,210,325,216,324,219,324,220,324,220,281,167,288,164,298,165,310,172,300,173,289,173,343,175,356,169,366,170,373,174,364,178,353,178,298,236,309,233,316,232,324,234,331,233,337,235,347,239,336,244,329,246,322,246,316,245,309,243,300,236,312,237,323,239,334,239,345,239,329,239,323,239,317,238,77.65,18.3,46.56,9.21,42.88,7.1,60.76,14.1
9,2026-02-11T16:28:31.374072,254,147,252,175,253,189,261,221,267,234,274,245,291,262,308,273,320,275,332,274,349,266,366,251,373,242,381,229,391,199,393,185,397,157,266,149,273,145,283,143,296,146,312,149,345,152,361,150,374,149,383,151,387,157,327,169,326,178,326,186,326,193,325,201,325,210,324,216,324,219,324,220,323,220,280,167,287,164,298,165,309,172,300,174,289,173,343,175,355,169,366,170,372,174,363,179,352,178,298,235,309,233,316,232,323,234,331,233,337,234,346,239,335,244,329,245,322,246,316,244,309,242,300,236,312,237,323,239,334,239,344,239,328,239,323,239,317,238,77.04,17.89,47.02,9.41,42.65,7.19,60.73,13.99
10,2026-02-11T16:28:31.404123,254,147,252,174,253,189,261,221,267,234,274,245,291,262,308,273,319,274,331,274,349,266,366,251,373,242,380,229,391,199,393,185,396,157,267,149,273,145,283,143,297,146,312,149,345,152,361,150,374,149,382,151,387,157,327,169,326,178,326,186,325,193,325,201,324,210,324,216,324,219,323,220,323,220,280,167,287,164,298,165,309,172,300,174,289,173,343,175,355,169,366,170,372,174,363,179,352,178,298,235,309,233,316,232,323,234,330,233,336,234,346,239,335,244,329,245,322,245,315,244,309,242,300,236,311,237,323,239,333,239,344,239,328,239,322,239,317,238,80.32,17.25,46.8,9.54,42.62,7.27,60.37,14.08
11,2026-02-11T16:28:31.434769,253,147,252,174,253,189,261,221,267,234,274,245,291,262,308,273,319,274,331,274,349,265,366,251,373,242,380,229,390,199,393,184,396,157,267,149,273,145,283,143,297,146,312,149,345,152,361,149,374,148,382,151,387,156,327,169,326,178,326,186,325,193,325,201,324,210,324,216,324,219,323,220,323,221,280,167,287,164,298,165,309,172,299,174,288,173,343,175,355,169,366,170,372,174,363,179,352,178,298,235,309,233,316,232,323,234,330,233,336,234,345,238,334,244,328,245,322,245,315,244,309,242,300,236,311,237,322,239,333,239,343,238,328,239,322,239,316,238,80.81,17.32,46.91,9.66,42.91,7.35,61.1,13.81
12,2026-02-11T16:28:31.466004,253,147,252,174,253,189,261,220,267,234,275,245,291,262,308,272,319,274,331,274,349,265,366,251,373,242,380,229,390,199,393,184,396,157,266,149,273,145,283,143,296,146,312,149,345,152,360,150,373,148,382,151,387,156,327,169,326,178,326,186,325,193,325,201,324,210,324,216,324,219,323,220,323,220,280,167,287,164,298,165,309,172,299,174,288,173,343,175,355,169,366,170,372,174,363,179,352,178,298,235,309,233,316,232,323,234,330,233,336,234,345,238,334,244,328,245,322,245,315,244,309,242,300,236,311,237,322,239,333,238,343,238,328,239,322,239,316,238,80.98,16.88,46.7,9.53,42.7,7.32,60.96,13.89
13,2026-02-11T16:28:31.496841,254,147,252,174,254,188,261,220,267,234,274,245,291,262,308,272,320,274,331,274,349,265,366,251,373,242,380,229,390,199,393,184,396,157,267,149,273,145,283,143,296,146,312,149,345,152,360,150,373,148,382,151,387,156,327,169,326,178,326,186,325,193,325,201,325,210,324,216,324,219,324,220,323,220,280,167,287,164,298,165,309,172,299,174,288,173,343,175,355,168,366,169,372,174,363,179,352,178,298,235,309,233,316,232,323,234,330,233,336,234,345,238,335,244,328,245,322,245,315,244,309,242,300,236,311,237,323,239,333,238,343,238,328,239,322,239,317,238,82.48,16.67,46.84,9.58,42.9,7.37,61.14,13.85
14,2026-02-11T16:28:31.528956,254,147,252,174,254,188,261,220,267,234,274,245,291,261,308,272,320,274,331,273,349,265,366,251,373,242,381,229,391,198,393,184,396,157,267,149,273,145,283,143,297,146,312,149,345,152,361,150,373,148,382,151,387,156,327,169,327,178,326,186,326,193,325,201,325,210,324,216,324,219,324,220,323,220,280,167,287,164,298,165,309,172,299,174,288,173,343,175,355,168,366,169,372,174,363,179,352,178,298,235,309,233,316,232,323,234,330,233,336,234,345,238,335,243,328,245,322,245,315,244,309,242,300,235,311,237,323,238,333,238,343,238,328,238,322,238,317,238,81.09,17.31,47.06,9.78,42.76,7.39,60.97,13.93
15,2026-02-11T16:28:31.558881,254,147,253,174,254,188,261,220,268,234,275,245,291,261,308,272,320,274,331,273,349,265,366,251,374,242,381,229,391,198,393,184,396,157,267,149,273,145,283,143,297,146,312,149,345,152,361,150,374,148,382,151,387,156,327,169,327,178,326,186,326,193,325,201,325,210,324,216,324,219,324,220,324,220,280,167,287,164,298,164,309,172,299,174,288,173,343,175,355,168,366,169,372,174,364,179,352,178,298,235,309,233,316,232,323,234,330,233,336,234,346,238,335,243,329,245,322,245,315,244,309,242,300,235,311,237,323,238,333,238,344,238,328,238,323,238,317,238,81.64,17.37,47.19,9.75,43.34,7.56,60.83,13.77
16,2026-02-11T16:28:31.590624,254,147,253,174,254,188,261,220,268,234,275,244,291,261,308,271,320,273,332,273,349,265,366,251,374,241,381,229,391,198,393,184,397,157,267,149,273,145,283,143,297,145,312,149,345,152,361,149,374,148,382,151,387,156,327,169,327,178,326,186,326,193,325,201,325,210,324,216,324,218,324,219,324,220,280,167,287,164,298,164,309,172,300,174,288,173,344,175,355,168,366,169,372,174,364,179,353,178,298,235,309,233,316,232,323,234,330,233,336,234,346,238,335,243,329,244,322,245,315,244,309,242,301,235,312,237,323,238,333,238,344,238,328,238,323,238,317,237,84.52,16.6,47.16,9.59,43.24,7.43,60.64,13.66
17,2026-02-11T16:28:31.622757,254,146,253,173,254,187,262,219,268,233,275,244,291,260,308,271,320,273,332,272,349,264,366,250,374,241,381,228,391,198,393,184,397,156,267,149,274,144,284,142,297,145,313,149,345,151,361,149,374,148,382,151,387,156,328,168,327,178,326,186,326,193,325,201,325,210,325,216,324,218,324,219,324,220,280,166,287,163,298,163,309,172,300,174,288,173,344,175,356,168,366,169,372,173,364,179,353,178,299,235,310,233,316,232,323,234,330,233,336,234,346,237,335,243,329,244,322,245,316,244,310,241,301,235,312,237,323,238,333,238,344,237,328,238,323,238,317,237,86.59,16.41,47.29,9.53,43.68,7.72,61.53,14.24
18,2026-02-11T16:28:31.653309,255,146,253,173,255,187,262,219,268,233,275,244,291,260,308,271,320,273,332,272,349,264,366,250,374,241,381,228,391,198,393,184,397,156,268,149,274,144,284,142,298,145,313,149,345,151,361,149,374,148,382,151,387,156,328,168,327,178,326,185,326,193,325,200,325,209,325,215,324,218,324,219,324,220,281,166,288,163,299,163,309,172,300,174,289,173,344,175,356,168,366,169,372,173,364,178,353,178,299,235,310,233,316,232,323,234,331,233,336,234,346,237,335,243,329,244,322,244,316,243,310,241,301,235,312,237,323,238,333,238,344,237,328,238,323,238,317,237,86.41,16.09,47.07,9.8,43.47,7.72,61.14,14.38
19,2026-02-11T16:28:31.684183,255,146,254,173,255,187,263,219,269,233,276,244,292,260,309,271,320,273,332,272,350,264,367,251,374,241,381,228,391,198,394,184,397,156,268,148,275,144,285,142,298,144,313,148,346,151,361,149,374,148,383,150,387,156,328,168,327,177,327,185,326,192,326,200,325,209,325,215,325,217,324,218,324,219,281,166,288,162,299,163,310,172,300,173,289,172,344,174,356,167,367,169,373,173,364,178,353,177,299,234,310,232,317,231,324,233,331,232,337,233,347,237,335,242,329,243,323,244,316,243,310,241,301,234,312,236,323,237,334,237,345,237,329,237,323,237,317,236,86.94,14.59,47.1,9.11,44.28,7.77,61.2,14.21
20,2026-02-11T16:28:31.716565,256,146,255,173,256,188,263,220,269,233,276,244,292,260,309,271,321,272,333,272,351,264,368,250,375,241,382,228,391,198,394,184,398,156,268,148,275,143,285,141,298,144,314,148,346,150,361,148,374,147,383,150,388,156,328,168,328,177,327,184,327,192,326,199,326,208,325,214,325,217,325,218,325,218,281,166,288,162,299,163,310,171,300,173,289,172,344,174,356,167,367,168,373,173,364,178,353,177,299,234,310,231,317,231,324,232,332,231,338,233,347,236,336,241,330,243,323,243,317,242,311,240,302,234,313,235,324,236,335,236,345,236,329,236,324,236,318,236,86.43,15.68,47.06,9.15,44.09,7.78,62.86,15.12
21,2026-02-11T16:28:31.747478,256,146,255,173,256,188,263,220,270,234,276,244,292,260,309,271,321,272,333,272,351,264,368,251,375,241,382,228,392,198,394,184,398,156,269,147,275,143,285,141,298,144,314,148,346,150,362,148,375,147,384,150,388,156,329,167,328,176,327,184,327,192,326,199,326,208,326,214,325,217,325,218,325,218,281,165,288,162,299,162,310,171,301,173,289,172,344,174,356,167,367,168,373,173,365,178,353,177,300,233,311,231,317,230,325,232,332,231,338,232,347,236,336,241,330,242,323,243,317,242,311,240,302,234,313,235,324,236,335,236,345,236,330,236,324,236,318,235,86.09,15.81,47.39,8.91,44.53,7.98,63.1,15.48
22,2026-02-11T16:28:31.778021,256,146,255,173,257,188,264,220,270,234,276,244,292,261,309,271,321,273,333,272,351,264,368,251,375,241,383,228,392,198,395,184,399,156,269,147,275,143,285,141,298,143,314,147,346,150,362,148,375,147,384,150,389,156,329,167,328,176,328,184,327,191,327,199,326,208,326,214,326,217,325,218,325,218,281,165,288,162,299,162,310,171,301,173,289,172,344,174,357,167,368,168,374,173,365,178,354,177,300,233,311,231,318,230,325,232,332,231,338,232,348,236,337,241,330,242,324,243,318,242,311,240,302,233,314,235,325,236,335,236,346,236,330,236,324,236,319,235,85.47,15.1,47.27,8.88,44.16,7.99,63.58,15.23
23,2026-02-11T16:28:31.809156,256,146,256,173,257,188,264,220,270,233,277,244,293,260,310,270,321,272,333,272,351,263,368,250,376,241,383,228,392,198,395,183,399,156,269,147,275,143,285,141,299,143,314,147,347,150,363,148,376,147,385,150,389,156,329,167,329,176,328,184,328,191,327,199,327,208,326,214,326,216,326,217,326,218,282,165,288,162,300,162,311,171,301,173,290,172,345,174,357,167,368,168,374,173,366,178,354,177,301,233,311,231,318,230,325,231,333,231,339,232,348,235,337,240,331,242,324,242,318,241,312,239,303,233,314,234,325,235,336,235,346,235,330,236,325,235,319,235,85.78,15.32,47.88,9.1,44.9,8.14,63.53,15.11
24,2026-02-11T16:28:31.841285,257,146,256,173,257,188,264,220,271,233,278,243,294,259,310,270,322,271,334,271,351,263,368,249,376,240,383,228,392,198,395,183,399,156,269,147,276,142,286,140,299,143,315,146,347,149,363,148,376,147,385,150,389,155,330,167,329,175,328,183,328,190,328,198,327,207,327,213,326,216,326,216,326,217,282,165,289,161,300,162,311,171,301,173,290,172,346,173,358,166,369,168,375,172,366,177,355,177,301,232,312,230,319,229,326,231,333,230,339,231,348,234,337,240,331,241,325,241,318,240,312,239,303,232,314,233,325,235,336,234,346,234,331,235,325,235,319,234,85.54,15.14,47.73,9.18,45.11,8.07,65.19,15.62
25,2026-02-11T16:28:31.873041,257,146,256,173,257,188,264,220,271,233,278,243,294,259,311,269,322,271,334,270,351,262,368,249,376,240,383,228,392,198,395,183,399,156,269,147,276,142,286,140,299,142,315,146,347,149,363,147,376,146,385,149,390,155,330,166,329,175,329,183,328,190,328,197,327,206,327,212,327,215,327,216,326,216,282,164,289,160,300,161,311,170,301,172,290,171,346,173,358,166,369,167,375,172,366,177,355,176,301,231,312,229,319,229,326,230,333,229,339,230,348,234,337,239,331,240,325,240,318,240,312,238,303,232,314,233,325,234,336,234,346,234,331,234,325,234,320,233,87.04,14.89,47.71,8.61,45.27,7.89,66.45,15.11
26,2026-02-11T16:28:31.904466,256,144,256,172,257,187,264,219,271,232,278,243,294,259,310,269,322,271,334,270,351,262,368,248,376,239,383,227,392,196,395,182,399,155,269,146,276,141,286,139,299,142,315,146,348,149,363,147,376,146,385,149,390,154,330,166,330,175,329,182,329,190,328,197,328,206,327,212,327,215,327,216,326,216,282,164,289,160,300,160,311,169,302,171,290,170,346,172,358,165,369,166,375,171,366,176,355,176,301,231,312,229,319,228,326,230,333,229,339,230,348,234,337,239,331,240,325,241,318,240,312,238,303,231,314,233,326,234,336,234,346,234,331,234,325,234,320,233,88.64,17.13,49.46,9.27,47.78,8.84,67.57,16.31
27,2026-02-11T16:28:31.935724,256,144,256,172,257,187,264,219,271,232,278,243,294,259,310,269,322,270,334,270,351,262,368,248,375,239,382,226,392,196,395,182,399,154,269,146,275,141,285,139,299,141,314,145,347,148,363,146,376,146,385,149,389,154,330,165,329,174,329,182,328,189,328,197,328,206,327,212,327,214,327,215,326,216,282,163,289,159,300,160,311,169,302,171,290,170,346,172,358,165,369,166,375,171,366,176,355,175,301,231,312,229,319,228,326,230,333,229,339,230,348,234,337,239,331,240,325,241,318,240,312,238,303,231,314,233,325,234,336,234,346,234,331,234,325,234,320,233,91.53,16.5,51.28,9.57,49.59,9.03,70.37,15.83
28,2026-02-11T16:28:31.966480,256,144,256,172,257,186,264,218,270,232,277,242,293,258,310,268,322,270,333,270,351,261,367,248,375,239,382,226,391,196,394,182,399,154,269,145,275,141,285,139,299,141,314,145,347,148,363,146,376,145,385,148,389,154,330,165,329,174,329,182,328,189,328,197,327,205,327,212,327,214,326,215,326,216,282,163,288,159,299,160,311,169,301,170,290,170,346,172,358,165,369,166,375,171,366,176,355,175,300,231,311,229,318,228,326,230,333,229,339,230,348,234,337,239,331,241,324,241,318,240,312,238,303,231,314,233,325,234,335,234,346,234,330,234,325,234,319,233,91.18,17.12,51.41,9.54,49.7,8.85,69.8,15.24
29,2026-02-11T16:28:31.998022,256,143,255,170,256,185,263,217,269,231,276,241,292,257,309,268,320,270,332,269,349,261,366,248,374,238,381,226,391,195,394,180,398,153,269,145,275,140,285,139,298,141,314,145,347,148,362,146,375,145,384,148,389,153,329,165,328,174,328,182,327,189,327,197,326,206,326,211,325,214,325,215,325,216,282,163,288,159,299,160,310,168,301,170,290,169,345,171,357,164,368,166,374,170,365,175,354,175,299,231,310,229,317,228,324,230,331,229,337,230,345,234,335,239,329,241,322,241,316,240,310,238,301,232,312,233,323,234,333,234,343,234,328,234,323,234,318,234,95.22,17.05,53.3,10.08,52.29,8.27,70.22,15.23
30,2026-02-11T16:28:32.029916,255,143,255,170,256,185,262,217,268,231,275,241,291,258,308,268,320,270,331,269,349,261,366,247,373,238,380,225,390,195,393,180,397,153,268,145,275,141,285,139,298,141,313,145,346,148,362,146,375,145,384,147,388,153,328,165,328,174,327,182,326,189,326,197,325,206,325,212,324,214,324,215,324,216,281,163,288,159,299,160,310,168,301,170,290,169,345,171,356,164,367,166,373,170,364,175,353,175,299,231,309,229,316,228,323,230,330,229,336,230,345,234,334,239,328,241,322,241,316,240,310,238,301,232,312,233,323,234,333,234,343,234,328,234,323,234,317,234,96.95,16.06,54.72,9.96,53.15,8.35,74.0,15.3
31,2026-02-11T16:28:32.061269,255,143,254,170,255,185,262,217,268,230,275,241,291,258,308,268,320,270,331,270,349,261,366,247,373,238,380,225,390,194,393,180,397,153,267,145,274,141,283,139,297,141,312,145,346,147,361,145,374,144,383,147,388,153,327,165,327,174,326,182,326,189,325,197,325,206,324,212,324,214,324,215,324,216,281,163,287,159,298,160,309,169,300,170,289,169,344,171,356,164,366,166,372,170,364,175,353,175,298,232,309,229,316,228,323,230,330,229,336,230,345,234,334,239,328,241,322,241,315,240,309,238,300,232,312,233,322,234,333,234,343,234,328,234,322,234,317,234,96.95,16.43,55.18,9.64,53.5,8.09,75.42,15.34
32,2026-02-11T16:28:32.093082,254,143,254,170,255,185,262,217,268,230,275,241,291,258,308,268,320,270,331,270,349,261,366,247,373,237,380,225,390,194,393,180,396,153,267,145,273,141,283,139,296,141,312,145,345,148,361,145,374,145,383,147,387,153,327,165,326,174,326,182,325,189,325,197,324,206,324,212,324,214,323,215,323,216,280,163,287,159,297,160,308,169,299,170,288,170,344,171,355,164,366,166,372,170,363,175,352,175,298,232,309,229,316,228,323,230,330,229,336,230,345,234,334,239,328,241,322,241,315,240,309,238,300,232,312,233,322,234,333,234,343,234,328,234,322,234,317,234,98.98,15.81,55.44,9.69,53.19,7.88,75.31,15.54
33,2026-02-11T16:28:32.123649,254,143,253,170,255,185,262,217,268,230,275,241,291,258,308,268,319,270,331,270,349,261,366,247,373,237,380,225,390,194,393,180,396,153,267,146,273,141,283,139,296,142,312,145,345,148,361,145,374,145,383,147,387,153,327,165,326,174,326,182,325,189,325,197,324,206,324,212,324,214,323,215,323,216,280,163,286,160,297,160,308,169,299,170,288,170,343,171,355,165,366,166,372,170,363,175,352,175,298,232,309,229,316,228,323,230,330,229,336,230,345,234,334,240,328,241,322,241,315,240,309,238,300,232,311,233,322,234,333,234,343,234,328,235,322,234,316,234,98.68,15.83,56.03,9.82,53.52,8.05,77.7,16.91
34,2026-02-11T16:28:32.154260,254,144,253,171,255,185,262,217,268,230,275,241,291,258,308,268,320,270,331,270,349,261,366,247,373,237,380,225,390,195,393,180,396,153,267,146,273,142,283,140,296,142,311,146,345,148,360,146,373,145,382,148,387,153,327,165,326,174,326,182,325,189,325,197,324,206,324,212,324,215,323,215,323,216,280,164,286,160,297,161,308,169,299,171,288,170,343,172,355,165,366,166,372,170,363,175,352,175,298,232,309,229,316,228,323,230,330,229,336,230,345,234,334,240,328,241,322,242,315,241,309,239,300,232,311,233,322,234,333,234,343,234,328,235,322,235,317,234,97.86,15.51,55.75,9.55,53.38,7.96,76.12,16.36
35,2026-02-11T16:28:32.185458,254,144,253,171,255,186,262,217,268,231,275,241,291,258,308,269,320,270,331,270,349,261,366,247,373,237,380,225,390,195,393,180,396,153,267,146,273,142,283,140,296,143,312,146,345,148,360,146,373,145,382,148,387,153,327,166,326,175,326,183,325,190,325,197,324,206,324,212,324,215,323,216,323,216,280,164,286,160,297,161,308,169,299,171,288,170,343,172,355,165,366,166,372,170,363,176,352,175,298,232,309,229,316,229,323,230,330,229,336,231,345,234,334,240,328,242,322,242,315,241,309,239,300,232,312,234,323,235,333,235,343,234,328,235,322,235,317,234,99.19,15.57,55.91,9.26,53.7,7.86,76.06,16.45
36,2026-02-11T16:28:32.216489,254,145,253,172,255,186,262,218,268,231,275,242,291,258,308,269,320,271,331,270,349,262,366,247,373,238,381,225,390,195,393,181,396,154,267,147,273,143,283,141,296,143,312,147,345,149,360,147,373,146,382,148,387,154,327,166,326,175,326,183,325,190,325,198,324,206,324,212,324,215,324,216,323,217,280,164,286,161,297,161,308,169,299,171,288,171,343,172,355,165,366,167,372,171,363,176,352,175,298,232,309,230,316,229,323,230,330,230,336,231,345,234,334,240,328,242,322,243,315,241,309,239,300,232,312,234,323,235,333,235,343,234,328,235,322,235,317,234,98.35,15.13,56.35,9.49,53.68,8.13,75.95,16.44
37,2026-02-11T16:28:32.247144,254,146,253,172,255,187,262,218,268,231,275,242,291,259,308,269,320,271,332,271,349,262,366,247,374,238,381,225,390,195,393,181,396,154,267,148,273,143,283,141,296,144,312,147,345,149,360,147,373,146,382,149,387,154,327,166,326,175,326,183,325,190,325,198,324,207,324,213,324,215,324,216,323,217,280,165,286,161,297,162,308,170,299,172,288,171,343,172,355,166,366,167,372,171,363,176,352,175,298,232,309,230,316,229,323,231,330,230,336,231,345,234,335,240,329,242,322,243,315,241,309,239,300,232,312,234,323,235,333,235,343,234,328,235,323,235,317,234,98.52,15.47,56.14,9.01,53.66,7.95,75.28,16.33
38,2026-02-11T16:28:32.277879,254,146,253,173,255,187,262,219,268,232,276,242,292,259,308,270,320,271,332,271,349,262,366,248,374,238,381,226,391,196,393,182,396,155,267,148,273,144,283,142,296,144,312,147,345,149,360,147,373,146,382,149,387,154,327,166,326,175,326,183,325,190,325,198,324,207,324,213,324,215,324,216,323,217,280,165,287,162,298,162,308,170,299,172,288,171,343,173,355,166,366,167,372,171,363,176,352,175,298,232,309,230,316,229,323,231,330,230,336,231,345,234,335,241,329,242,322,243,316,242,310,239,301,232,312,234,323,235,333,235,344,235,328,235,323,235,317,234,98.01,15.61,55.98,9.34,53.61,7.95,74.06,15.42
39,2026-02-11T16:28:32.309055,254,147,253,173,255,188,262,219,269,232,276,243,292,259,309,270,320,271,332,271,350,262,367,248,374,238,381,226,391,196,393,182,396,155,267,148,273,144,283,142,296,144,312,148,345,150,360,147,373,146,382,149,387,154,327,167,326,176,326,183,325,190,325,198,324,207,324,213,324,215,324,216,324,217,280,165,287,162,298,162,309,170,299,172,288,172,343,173,355,166,366,167,372,171,363,176,352,176,298,232,310,230,316,229,323,231,330,230,336,231,346,234,335,241,329,242,322,243,316,242,310,239,301,232,312,234,323,235,333,235,344,234,328,235,323,235,317,234,98.01,15.61,56.38,9.43,53.67,7.73,73.85,15.52
40,2026-02-11T16:28:32.339717,254,146,253,173,255,188,262,219,269,232,276,243,292,259,309,270,320,271,332,271,350,262,367,248,374,238,381,226,391,196,393,182,396,155,267,148,273,144,283,142,296,144,312,148,345,150,360,148,373,147,382,149,387,154,327,167,326,176,326,183,325,191,325,198,324,207,324,213,324,215,324,216,324,217,281,166,287,162,298,162,309,170,299,172,288,172,343,173,355,166,366,167,372,171,363,176,352,176,299,232,310,230,316,229,323,231,330,230,336,231,346,235,335,241,329,242,322,243,316,242,310,240,301,233,312,234,323,235,333,235,344,235,328,235,323,235,317,235,99.5,15.88,56.32,9.38,53.25,7.63,73.09,15.5
41,2026-02-11T16:28:32.371876,255,146,253,173,255,188,262,219,269,232,276,243,292,259,309,270,320,272,332,271,350,262,367,248,374,239,381,226,391,196,393,182,396,155,267,148,273,144,283,142,297,144,312,148,345,150,360,148,373,147,382,149,387,155,327,167,327,176,326,184,326,191,325,198,325,207,324,213,324,216,324,217,324,217,281,166,287,162,298,163,309,170,300,172,289,172,343,173,355,166,366,167,372,171,363,176,352,176,299,232,310,230,316,230,323,231,330,230,336,231,346,235,335,241,329,242,322,243,316,242,310,240,301,233,312,234,323,235,333,235,344,235,328,235,323,235,317,235,98.11,16.55,56.76,9.58,53.25,7.66,73.1,15.38
42,2026-02-11T16:28:32.402045,255,146,254,173,255,187,262,219,268,232,275,243,292,259,308,270,320,272,332,271,349,263,366,248,374,239,381,226,391,196,393,182,396,155,267,148,274,144,283,142,297,145,312,148,345,150,360,148,373,147,382,150,387,155,327,167,327,176,326,184,326,191,325,199,325,208,324,214,324,216,324,217,324,218,281,166,287,162,298,163,309,171,300,173,289,172,343,173,355,166,366,167,372,172,363,177,352,176,299,233,310,231,316,230,323,232,330,231,336,232,345,235,335,242,329,243,322,243,316,242,310,240,301,233,312,235,323,236,333,236,344,235,328,236,323,236,317,235,97.42,16.34,56.63,9.74,53.15,7.57,73.62,15.47
43,2026-02-11T16:28:32.432637,255,146,253,173,254,187,261,219,268,232,275,243,291,259,308,270,320,272,332,271,349,263,366,249,374,239,381,227,391,197,393,182,396,155,268,148,274,144,284,142,297,145,313,148,345,150,361,148,373,147,382,150,387,155,328,167,327,176,326,184,326,191,325,199,325,208,325,214,324,216,324,217,324,218,281,166,288,162,298,163,309,171,300,173,289,172,344,173,355,166,366,167,372,172,363,177,352,176,299,233,310,231,316,230,323,232,330,231,336,232,345,236,335,241,329,243,322,243,316,242,310,240,301,233,312,235,323,236,333,236,344,236,328,236,323,236,317,235,95.28,17.37,55.94,9.98,53.51,7.23,74.88,15.23
44,2026-02-11T16:28:32.464457,255,146,253,173,254,187,261,219,267,233,275,243,291,259,308,270,320,272,332,271,349,263,366,249,374,240,381,227,391,197,393,182,396,155,268,148,274,144,284,142,297,145,313,148,345,150,361,148,373,147,382,150,387,155,328,168,327,176,326,184,326,191,325,199,325,208,325,214,324,217,324,218,324,218,281,166,288,162,298,163,309,171,300,173,289,172,344,173,355,166,366,168,372,172,363,177,352,176,299,233,310,231,316,230,323,232,330,231,336,232,345,236,335,242,329,243,322,243,316,242,310,240,301,233,312,235,323,236,333,236,343,236,328,236,323,236,317,235,93.89,17.52,55.64,9.71,53.12,7.06,74.65,15.18
45,2026-02-11T16:28:32.495166,255,146,253,173,254,187,261,219,267,233,274,243,291,259,308,270,320,272,332,271,349,263,366,249,374,240,381,227,391,197,393,182,396,155,267,148,273,144,283,142,297,145,312,149,345,151,360,149,373,148,382,151,387,156,327,168,327,177,326,185,326,192,325,199,325,208,324,214,324,217,324,218,324,218,281,166,287,162,298,163,309,171,299,173,289,172,344,173,355,167,366,168,372,172,363,177,352,176,299,233,310,231,316,230,323,232,330,231,336,232,345,236,335,242,329,243,322,243,316,242,310,240,301,233,312,235,323,236,333,236,343,236,328,236,323,236,317,235,93.63,18.3,56.25,9.68,53.8,7.41,75.43,15.34
46,2026-02-11T16:28:32.526676,254,146,253,173,254,187,260,219,267,232,274,243,290,259,308,270,319,272,331,271,349,263,366,249,373,240,380,227,390,197,393,182,396,156,267,148,273,144,283,142,297,145,312,149,345,151,360,149,373,148,382,151,387,156,327,168,327,177,326,185,326,192,325,200,325,209,324,215,324,217,324,218,323,219,280,166,287,162,298,163,308,171,299,173,288,172,343,174,355,167,366,168,372,172,363,177,352,177,298,233,309,231,316,231,323,232,330,231,336,232,345,236,334,242,328,243,322,243,315,242,309,240,301,233,312,235,323,236,333,236,343,236,328,236,322,236,317,235,91.36,18.26,55.89,9.67,53.79,7.38,75.08,15.2
47,2026-02-11T16:28:32.556350,254,145,253,172,253,187,260,218,267,232,274,243,290,259,307,270,319,272,331,271,348,263,365,249,373,240,380,227,390,197,393,182,396,155,267,148,273,144,283,142,296,145,312,149,345,151,360,149,373,148,382,151,386,156,327,168,327,177,326,185,326,192,325,200,325,209,324,215,324,217,323,218,323,219,280,166,286,162,297,163,308,171,299,173,288,172,343,174,355,167,366,168,372,172,363,178,352,177,298,233,309,231,316,231,323,232,330,231,335,232,345,236,334,242,328,243,322,243,315,242,309,240,300,233,311,235,322,236,332,236,343,236,328,236,322,236,316,235,91.44,18.32,56.42,9.79,53.86,7.2,73.53,14.58
48,2026-02-11T16:28:32.587073,253,145,252,172,253,186,260,218,267,232,274,242,290,259,307,270,319,272,331,271,348,263,365,249,372,239,380,227,390,196,392,182,396,155,266,148,272,143,283,142,296,145,312,149,344,151,360,149,373,148,382,151,386,156,327,168,326,177,326,185,325,192,325,200,324,209,324,215,324,217,323,218,323,219,279,166,286,162,297,163,308,171,298,173,287,172,343,174,355,167,365,168,372,172,363,178,352,177,298,233,309,231,316,231,323,232,330,232,335,233,344,236,334,242,328,244,322,244,315,243,309,241,300,234,311,235,322,237,332,236,343,236,328,237,322,237,316,236,93.69,17.97,56.52,10.37,54.19,7.37,72.43,13.97
49,2026-02-11T16:28:32.618814,253,145,252,172,253,186,260,218,267,232,274,242,290,259,307,270,319,272,331,271,348,263,365,249,372,239,379,227,389,196,392,182,396,155,266,147,272,143,282,142,296,144,311,149,344,151,360,149,373,148,382,150,386,156,327,168,326,177,326,185,325,192,325,200,324,209,324,214,324,217,323,218,323,219,279,166,286,162,297,163,307,171,298,173,287,172,343,174,355,167,365,168,371,172,363,178,352,177,298,233,309,231,315,231,322,232,329,232,335,233,344,236,334,242,328,244,321,244,315,243,309,241,300,234,311,235,322,237,332,236,342,236,327,237,322,237,316,236,93.35,18.02,56.54,10.52,54.56,7.53,72.11,13.61
50,2026-02-11T16:28:32.650357,253,145,252,172,253,186,260,218,267,232,274,242,290,259,307,270,319,272,330,271,348,263,364,249,372,239,379,227,389,196,392,182,396,155,265,147,272,143,282,141,295,144,311,148,344,150,360,148,373,147,381,150,386,155,326,167,326,177,325,184,325,191,325,199,324,208,324,214,323,217,323,218,323,218,278,165,285,162,296,162,307,171,298,173,287,172,343,174,354,166,365,167,371,172,363,178,352,177,298,233,309,231,315,231,322,232,329,232,335,233,344,236,334,243,328,244,321,245,314,243,308,241,300,234,311,235,322,237,332,236,342,236,327,237,322,237,316,236,91.53,18.15,56.81,10.55,54.15,7.48,71.55,13.42
51,2026-02-11T16:28:32.681489,253,145,252,172,253,186,260,218,267,232,274,242,290,259,307,270,319,272,330,271,348,263,364,249,372,239,379,227,389,196,392,182,396,155,265,147,272,142,282,141,295,144,311,148,344,150,360,148,373,146,381,149,386,155,326,167,326,176,325,184,325,191,325,199,324,207,324,213,323,216,323,217,323,218,279,165,285,161,296,162,307,171,298,173,287,172,343,173,354,166,365,167,371,172,363,177,352,177,298,233,309,231,315,230,322,232,329,231,335,232,344,236,334,242,328,244,321,244,314,243,308,241,300,233,311,235,322,237,332,236,342,236,327,237,322,237,316,236,93.03,17.88,56.99,10.56,54.38,7.5,71.61,13.54
52,2026-02-11T16:28:32.712115,253,144,252,172,253,186,260,218,267,232,274,242,290,259,307,270,319,272,330,271,348,263,364,249,372,239,379,227,389,196,392,182,396,155,266,147,272,142,282,141,295,143,311,148,344,149,360,147,372,146,381,149,386,154,326,167,326,176,325,184,325,191,324,198,324,207,324,213,323,216,323,217,323,217,279,165,285,161,296,162,307,170,298,172,287,171,343,173,354,166,365,167,371,172,363,177,352,176,298,233,309,231,315,230,322,232,329,231,335,232,344,236,334,242,328,244,321,244,314,243,308,241,300,233,311,235,322,236,332,236,342,236,327,236,322,236,316,235,92.39,17.69,57.25,10.61,54.3,7.47,72.01,13.68
53,2026-02-11T16:28:32.744040,253,144,252,172,253,186,260,218,267,231,274,242,290,259,307,270,319,272,330,271,348,263,365,249,372,239,379,227,390,196,393,182,396,155,266,146,272,142,282,140,295,143,311,147,344,149,360,147,373,146,381,149,386,154,326,166,326,175,325,183,325,190,324,198,324,206,323,212,323,215,323,216,323,217,279,164,286,161,296,161,307,170,298,172,287,171,343,173,354,166,365,167,371,172,363,177,352,176,298,233,308,230,315,230,322,231,329,231,335,232,344,236,334,242,328,244,321,244,314,243,308,240,300,233,311,235,322,236,332,236,342,236,327,236,322,236,316,235,93.89,16.14,56.88,10.29,53.8,7.18,73.84,14.85
54,2026-02-11T16:28:32.775601,253,144,252,171,253,185,260,217,267,231,274,241,290,258,307,269,319,271,330,271,348,263,365,249,373,239,380,227,391,197,393,182,396,155,266,146,272,142,282,140,296,143,311,147,344,149,360,147,373,146,382,149,386,154,326,166,326,175,325,183,325,190,324,197,324,206,323,212,323,215,323,216,323,217,280,164,286,161,297,161,307,170,298,171,287,170,343,173,355,166,365,167,371,172,363,177,352,176,298,232,308,230,315,230,322,231,329,230,335,232,344,236,334,242,328,244,321,244,314,242,308,240,300,232,311,234,322,236,332,236,342,236,327,236,322,236,316,235,94.1,15.64,57.35,10.32,53.76,7.2,74.7,16.01
55,2026-02-11T16:28:32.805368,254,144,252,171,253,185,260,217,267,231,274,241,290,258,307,269,319,271,330,271,348,263,365,249,373,240,381,227,391,197,394,183,397,156,267,146,274,142,284,140,297,143,313,147,345,149,360,148,373,147,382,150,387,156,327,166,327,175,326,183,325,190,325,198,324,206,324,212,323,215,323,216,323,217,281,164,288,161,298,161,309,170,300,171,289,170,343,173,355,166,365,168,372,172,363,177,352,176,298,232,309,230,315,229,322,231,329,230,335,232,344,236,334,242,328,243,321,243,314,242,308,240,300,232,311,234,322,236,332,236,342,236,327,236,322,236,316,235,91.06,16.86,56.36,9.93,53.46,6.93,74.32,16.09
56,2026-02-11T16:28:32.837156,255,144,253,170,254,184,260,216,267,230,274,241,290,258,307,268,318,270,330,270,348,263,366,249,374,240,381,227,392,197,394,183,398,157,268,146,275,142,285,140,298,143,314,147,346,149,362,148,375,148,383,151,388,156,328,166,327,175,327,183,326,190,325,198,325,207,324,213,324,215,323,216,323,217,281,164,288,161,299,162,310,170,300,171,289,170,344,173,355,167,366,168,372,173,363,177,353,176,298,232,309,230,315,229,322,231,330,230,335,232,344,236,334,241,328,243,321,243,314,242,308,239,300,232,311,234,322,236,332,236,342,236,327,236,322,236,316,235,92.97,15.5,56.36,9.95,53.2,7.04,73.89,15.97
57,2026-02-11T16:28:32.869227,256,143,254,170,254,184,260,216,267,229,274,240,290,257,307,268,318,270,330,270,348,263,366,249,374,240,382,227,392,197,395,183,398,157,269,146,275,142,285,140,299,143,314,147,347,149,363,148,375,148,384,151,389,156,329,166,328,175,327,183,327,190,326,198,325,207,324,213,324,216,324,217,324,217,281,164,288,161,299,162,310,170,300,171,289,170,345,173,356,167,367,169,373,173,364,177,353,176,298,232,309,230,315,229,323,231,330,231,336,232,345,236,334,241,328,243,321,243,314,241,308,239,300,232,311,234,322,236,333,236,343,236,328,236,322,236,316,235,95.32,15.37,56.95,10.09,53.54,7.06,74.19,16.04
58,2026-02-11T16:28:32.897708,256,143,254,170,255,184,260,216,267,229,274,240,290,257,307,268,319,270,331,270,348,262,366,249,374,240,382,227,392,197,395,183,398,157,269,146,276,142,286,140,299,143,315,147,347,149,363,148,376,148,385,151,389,156,329,166,328,175,328,183,327,191,326,198,326,207,325,213,325,216,324,217,324,217,282,164,288,160,299,161,310,170,301,171,290,170,345,173,357,167,368,169,373,173,365,177,354,176,298,232,309,230,316,229,323,231,330,231,336,232,345,236,334,241,328,243,322,243,315,241,309,239,300,232,311,234,322,236,333,236,343,236,328,236,322,236,317,235,96.49,15.82,56.84,10.2,53.42,7.09,74.08,16.05
59,2026-02-11T16:28:32.927648,257,143,255,170,255,184,261,216,267,229,274,240,290,257,307,268,319,270,331,270,349,262,367,249,375,240,382,227,392,197,395,183,399,157,270,146,276,142,286,140,300,143,315,147,348,149,363,148,376,148,385,151,389,156,330,166,329,175,328,183,328,190,327,198,326,207,326,213,325,216,325,216,325,217,282,164,289,160,300,161,311,170,301,171,290,170,345,173,357,167,368,168,374,173,365,177,354,176,299,232,310,230,316,229,324,231,331,230,337,232,346,236,335,241,329,242,322,242,316,241,309,239,301,232,312,234,323,235,333,235,344,235,328,236,323,235,317,234,94.43,15.43,56.74,10.12,53.32,7.11,73.74,15.71
60,2026-02-11T16:28:32.960995,257,143,255,170,256,184,261,216,267,230,274,240,290,257,307,268,319,270,331,270,349,262,367,249,375,240,383,227,393,197,395,183,399,156,270,146,276,142,286,140,300,143,315,147,348,149,363,148,376,148,385,151,390,156,330,166,329,175,328,183,328,190,327,198,327,207,326,213,326,216,325,216,325,217,282,164,289,160,300,161,311,170,302,171,290,170,346,173,358,166,368,168,374,173,366,177,355,176,299,232,310,230,317,229,324,231,331,230,337,232,346,236,335,241,329,242,322,242,316,241,310,239,301,232,312,234,323,235,334,235,344,235,329,236,323,235,317,234,94.9,15.64,56.79,10.15,53.58,7.19,73.06,15.95
61,2026-02-11T16:28:32.992256,257,143,255,170,256,184,262,216,268,230,274,240,290,257,308,268,319,270,331,270,349,262,367,249,375,240,383,227,393,197,396,183,400,157,270,146,276,141,286,140,300,143,315,147,348,150,364,148,377,148,386,151,390,156,330,166,330,175,329,183,328,190,328,198,327,207,326,213,326,216,326,216,325,217,283,164,289,160,300,161,311,170,302,171,291,170,346,173,358,166,369,168,375,173,366,177,355,176,299,232,310,230,317,229,324,231,331,230,337,232,346,236,335,241,329,242,322,242,316,241,310,239,301,232,312,234,323,235,334,235,344,235,329,236,323,235,317,234,94.59,15.09,56.81,10.02,53.73,7.12,73.42,15.93
62,2026-02-11T16:28:33.020029,258,143,256,170,256,184,262,216,268,230,275,241,291,257,308,268,320,270,332,270,350,262,367,249,375,240,383,227,393,197,396,183,400,156,270,146,277,141,287,140,300,143,316,147,349,150,365,148,377,148,386,151,390,156,331,166,330,175,329,183,329,190,328,198,328,207,327,213,327,216,326,216,326,217,283,164,289,160,301,161,312,170,302,171,291,170,347,173,358,166,369,168,375,173,367,177,355,176,299,232,311,230,318,229,325,231,332,230,338,232,347,236,336,241,330,242,323,242,317,241,310,239,302,232,313,234,324,235,335,235,345,236,329,236,324,235,318,235,92.34,15.86,56.69,10.21,53.97,7.29,73.09,15.95
